{"cameraMode":{"drawMode":0,"name":"Shaded","section":"Shading Mode"},"sceneLighting":false,"audioPlay":false,"sceneViewState":{"m_AlwaysRefresh":false,"showFog":true,"showSkybox":false,"showFlares":true,"showImageEffects":true,"showParticleSystems":true,"showVisualEffectGraphs":true,"m_FxEnabled":true},"in2DMode":false,"pivot":{"x":-0.6509025692939758,"y":0.5132521986961365,"z":-0.41755175590515139},"rotation":{"x":0.008270788937807083,"y":-0.9613563418388367,"z":-0.03506653383374214,"w":-0.2742314040660858},"size":1.5073950290679932,"orthographic":false}