{"cameraMode":{"drawMode":0,"name":"Shaded","section":"Shading Mode"},"sceneLighting":true,"audioPlay":false,"sceneViewState":{"m_AlwaysRefresh":false,"showFog":true,"showSkybox":true,"showFlares":true,"showImageEffects":true,"showParticleSystems":true,"showVisualEffectGraphs":true,"m_FxEnabled":true},"in2DMode":false,"pivot":{"x":31.674030303955079,"y":-17.936798095703126,"z":35.9806022644043},"rotation":{"x":0.06266208738088608,"y":0.6071126461029053,"z":-0.05082019045948982,"w":0.7909250259399414},"size":3.5638372898101808,"orthographic":false}