{"cameraMode":{"drawMode":0,"name":"Shaded","section":"Shading Mode"},"sceneLighting":true,"audioPlay":false,"sceneViewState":{"m_AlwaysRefresh":false,"showFog":true,"showSkybox":true,"showFlares":true,"showImageEffects":true,"showParticleSystems":true,"showVisualEffectGraphs":true,"m_FxEnabled":true},"in2DMode":false,"pivot":{"x":-9.774931907653809,"y":2.0228235721588136,"z":13.969376564025879},"rotation":{"x":0.2196151465177536,"y":-0.4930870234966278,"z":0.13066738843917848,"w":0.8320829272270203},"size":0.5490735173225403,"orthographic":false}