{"cameraMode":{"drawMode":0,"name":"Shaded","section":"Shading Mode"},"sceneLighting":true,"audioPlay":false,"sceneViewState":{"m_AlwaysRefresh":false,"showFog":true,"showSkybox":true,"showFlares":true,"showImageEffects":true,"showParticleSystems":true,"showVisualEffectGraphs":true,"m_FxEnabled":true},"in2DMode":false,"pivot":{"x":-29.683876037597658,"y":1.121079444885254,"z":13.345475196838379},"rotation":{"x":0.12997549772262574,"y":-0.6374476552009583,"z":0.11031314730644226,"w":0.7514342069625855},"size":1.7613186836242676,"orthographic":false}