{"cameraMode":{"drawMode":0,"name":"Shaded","section":"Shading Mode"},"sceneLighting":true,"audioPlay":false,"sceneViewState":{"m_AlwaysRefresh":false,"showFog":true,"showSkybox":true,"showFlares":true,"showImageEffects":true,"showParticleSystems":true,"showVisualEffectGraphs":true,"m_FxEnabled":true},"in2DMode":false,"pivot":{"x":-0.2531620264053345,"y":1.2939834594726563,"z":-2.1088759899139406},"rotation":{"x":0.02287079580128193,"y":-0.9745200276374817,"z":0.19095130264759065,"w":0.11602060496807099},"size":2.1247448921203615,"orthographic":false}