{"cameraMode":{"drawMode":0,"name":"Shaded","section":"Shading Mode"},"sceneLighting":true,"audioPlay":false,"sceneViewState":{"m_AlwaysRefresh":false,"showFog":true,"showSkybox":true,"showFlares":true,"showImageEffects":true,"showParticleSystems":true,"showVisualEffectGraphs":true,"m_FxEnabled":true},"in2DMode":false,"pivot":{"x":-7.7259039878845219,"y":1.346661925315857,"z":12.693893432617188},"rotation":{"x":-0.08786360174417496,"y":-0.8711156845092773,"z":0.16680729389190675,"w":-0.4540972113609314},"size":2.0660252571105959,"orthographic":false}