{"cameraMode":{"drawMode":0,"name":"Shaded","section":"Shading Mode"},"sceneLighting":true,"audioPlay":false,"sceneViewState":{"m_AlwaysRefresh":false,"showFog":true,"showSkybox":true,"showFlares":true,"showImageEffects":true,"showParticleSystems":true,"showVisualEffectGraphs":true,"m_FxEnabled":true},"in2DMode":false,"pivot":{"x":-0.42883551120758059,"y":-1.3653264045715333,"z":12.663946151733399},"rotation":{"x":-0.14337724447250367,"y":0.09957524389028549,"z":-0.01450197584927082,"w":-0.9845528602600098},"size":8.312385559082032,"orthographic":false}