{"cameraMode":{"drawMode":0,"name":"Shaded","section":"Shading Mode"},"sceneLighting":true,"audioPlay":false,"sceneViewState":{"m_AlwaysRefresh":false,"showFog":true,"showSkybox":true,"showFlares":true,"showImageEffects":true,"showParticleSystems":true,"showVisualEffectGraphs":true,"m_FxEnabled":true},"in2DMode":false,"pivot":{"x":-39.18302917480469,"y":-17.589649200439454,"z":31.947118759155275},"rotation":{"x":0.01876513473689556,"y":-0.7302218675613403,"z":-0.019825873896479608,"w":-0.6833195686340332},"size":13.00146198272705,"orthographic":false}