{"cameraMode":{"drawMode":0,"name":"Shaded","section":"Shading Mode"},"sceneLighting":true,"audioPlay":false,"sceneViewState":{"m_AlwaysRefresh":false,"showFog":true,"showSkybox":true,"showFlares":true,"showImageEffects":true,"showParticleSystems":true,"showVisualEffectGraphs":true,"m_FxEnabled":true},"in2DMode":false,"pivot":{"x":-2.4036991596221926,"y":0.7680307626724243,"z":2.151761054992676},"rotation":{"x":-0.015826193615794183,"y":0.10330043733119965,"z":-0.0016303099691867829,"w":-0.994541585445404},"size":6.0621771812438969,"orthographic":false}