{"cameraMode":{"drawMode":0,"name":"Shaded","section":"Shading Mode"},"sceneLighting":true,"audioPlay":false,"sceneViewState":{"m_AlwaysRefresh":false,"showFog":true,"showSkybox":true,"showFlares":true,"showImageEffects":true,"showParticleSystems":true,"showVisualEffectGraphs":true,"m_FxEnabled":true},"in2DMode":false,"pivot":{"x":3.6447031497955324,"y":0.9785747528076172,"z":0.10631740093231201},"rotation":{"x":0.10730666667222977,"y":0.23535731434822083,"z":-0.023996485397219659,"w":0.966113805770874},"size":0.8660253882408142,"orthographic":false}