{"cameraMode":{"drawMode":0,"name":"Shaded","section":"Shading Mode"},"sceneLighting":true,"audioPlay":false,"sceneViewState":{"m_AlwaysRefresh":false,"showFog":true,"showSkybox":true,"showFlares":true,"showImageEffects":true,"showParticleSystems":true,"showVisualEffectGraphs":true,"m_FxEnabled":true},"in2DMode":false,"pivot":{"x":-9.621634483337403,"y":-20.314266204833986,"z":33.80915069580078},"rotation":{"x":0.016022097319364549,"y":0.6883457899093628,"z":0.017106646671891214,"w":-0.7255766987800598},"size":1.9178341627120972,"orthographic":false}